City_ID,City,Country,Date,Lat,Lng,Max Temp,Humidity,Cloudiness,Wind Speed
0,Hobart,AU,2020-06-17 16:49:52,-42.88,147.33,37.4,83,0,8.05
1,Maniitsoq,GL,2020-06-17 16:50:46,65.42,-52.9,35.19,87,91,2.68
2,Kapaa,US,2020-06-17 16:50:46,22.08,-159.32,75.2,78,20,12.75
3,Geraldton,AU,2020-06-17 16:50:46,-28.77,114.6,66.2,63,90,21.92
4,New Norfolk,AU,2020-06-17 16:48:30,-42.78,147.06,35.01,90,0,2.59
5,Aswan,EG,2020-06-17 16:50:46,24.09,32.91,96.91,9,0,7.78
6,Ushuaia,AR,2020-06-17 16:46:19,-54.8,-68.3,39.2,69,40,3.36
7,Hithadhoo,MV,2020-06-17 16:49:58,-0.6,73.08,84.69,73,41,6.73
8,Kharian,PK,2020-06-17 16:50:47,32.81,73.86,93.2,41,40,4.7
9,Faanui,PF,2020-06-17 16:50:47,-16.48,-151.75,80.26,80,100,10.02
10,Chokurdakh,RU,2020-06-17 16:49:39,70.63,147.92,62.67,52,26,10.4
11,Mataura,NZ,2020-06-17 16:50:47,-46.19,168.86,39.0,83,96,3.0
12,Sorland,NO,2020-06-17 16:49:35,67.67,12.69,53.6,81,23,16.11
13,Husavik,IS,2020-06-17 16:50:47,66.04,-17.34,57.2,58,27,5.82
14,Saint-Prosper,CA,2020-06-17 16:50:47,46.21,-70.48,81.0,36,26,4.0
15,Lagoa,PT,2020-06-17 16:49:52,39.05,-27.98,63.39,78,27,10.76
16,Calbuco,CL,2020-06-17 16:50:47,-41.77,-73.13,50.0,93,90,9.17
17,Srednekolymsk,RU,2020-06-17 16:50:47,67.45,153.68,71.08,42,77,4.79
18,Busselton,AU,2020-06-17 16:49:25,-33.65,115.33,57.99,49,41,20.8
19,Puerto Ayora,EC,2020-06-17 16:49:58,-0.74,-90.35,75.2,78,75,9.17
20,Hamilton,US,2020-06-17 16:48:42,39.18,-84.53,82.0,44,1,10.29
21,Pouebo,NC,2020-06-17 16:50:48,-20.4,164.57,69.48,74,67,6.55
22,Tautira,PF,2020-06-17 16:50:48,-17.73,-149.15,75.2,94,75,4.7
23,Nome,US,2020-06-17 16:50:19,64.5,-165.41,63.0,76,90,0.63
24,Biograd Na Moru,HR,2020-06-17 16:50:48,43.94,15.45,77.0,47,20,11.41
25,Narsaq,GL,2020-06-17 16:50:48,60.92,-46.05,46.4,61,75,6.93
26,Punta Arenas,CL,2020-06-17 16:49:58,-53.15,-70.92,35.6,76,0,8.05
27,Eagle Pass,US,2020-06-17 16:50:48,28.71,-100.5,82.4,69,90,9.17
28,Saint Anthony,US,2020-06-17 16:50:48,45.02,-93.22,84.99,39,5,17.22
29,Hilo,US,2020-06-17 16:48:57,19.73,-155.09,69.8,83,40,5.82
30,Yar-Sale,RU,2020-06-17 16:50:48,66.83,70.83,43.41,62,71,12.57
31,Sharan,RU,2020-06-17 16:50:48,54.82,54.0,62.83,89,48,4.09
32,Elizabeth City,US,2020-06-17 16:50:48,36.29,-76.25,82.4,74,75,11.41
33,Maragogi,BR,2020-06-17 16:50:48,-9.01,-35.22,79.0,74,21,14.85
34,Yellowknife,CA,2020-06-17 16:46:05,62.46,-114.35,55.0,57,40,8.05
35,Saskylakh,RU,2020-06-17 16:50:48,71.92,114.08,54.19,58,5,9.82
36,Turayf,SA,2020-06-17 16:50:49,31.67,38.66,93.2,16,0,6.93
37,Cape Town,ZA,2020-06-17 16:48:02,-33.93,18.42,62.6,45,0,4.7
38,Ariquemes,BR,2020-06-17 16:50:49,-9.91,-63.04,90.52,47,0,2.06
39,Coihaique,CL,2020-06-17 16:48:04,-45.58,-72.07,37.4,100,90,3.36
40,Uruzgan,AF,2020-06-17 16:50:49,32.83,66.0,76.6,16,65,4.47
41,Quelimane,MZ,2020-06-17 16:50:49,-17.88,36.89,66.02,92,7,5.66
42,Butaritari,KI,2020-06-17 16:50:49,3.07,172.79,82.8,77,8,15.66
43,Albany,US,2020-06-17 16:50:49,42.6,-73.97,84.0,33,0,3.02
44,Sakakah,SA,2020-06-17 16:50:49,29.97,40.21,96.8,8,0,16.11
45,Vao,NC,2020-06-17 16:50:49,-22.67,167.48,72.64,78,48,14.32
46,Sola,VU,2020-06-17 16:50:49,-13.88,167.55,80.69,82,100,22.68
47,Khatanga,RU,2020-06-17 16:50:49,71.97,102.5,49.89,67,100,2.39
48,Bambous Virieux,MU,2020-06-17 16:50:01,-20.34,57.76,68.0,100,75,18.34
49,Rikitea,PF,2020-06-17 16:49:27,-23.12,-134.97,75.18,81,59,16.58
50,Ahipara,NZ,2020-06-17 16:50:50,-35.17,173.17,59.67,91,100,13.56
51,Provideniya,RU,2020-06-17 16:50:01,64.38,-173.3,54.5,57,1,3.13
52,Carlisle,US,2020-06-17 16:47:55,40.2,-77.19,75.0,57,100,4.0
53,Gat,IL,2020-06-17 16:50:50,31.61,34.76,82.99,52,0,9.04
54,Oistins,BB,2020-06-17 16:50:50,13.07,-59.53,86.0,70,75,21.92
55,Nanortalik,GL,2020-06-17 16:50:50,60.14,-45.24,39.25,76,47,8.48
56,Bluff,NZ,2020-06-17 16:50:50,-46.6,168.33,39.0,83,46,3.0
57,Benguela,AO,2020-06-17 16:50:50,-12.58,13.41,75.2,83,40,4.7
58,Santo Antonio Do Monte,BR,2020-06-17 16:50:50,-20.09,-45.29,67.82,65,58,7.74
59,Kilindoni,TZ,2020-06-17 16:50:50,-7.91,39.67,79.14,73,15,18.32
60,Lorengau,PG,2020-06-17 16:50:39,-2.02,147.27,80.42,78,8,5.35
61,Northam,GB,2020-06-17 16:50:50,51.03,-4.22,61.0,92,98,3.0
62,Hermanus,ZA,2020-06-17 16:49:39,-34.42,19.23,52.0,80,0,4.18
63,Lompoc,US,2020-06-17 16:50:28,34.64,-120.46,62.6,67,0,4.05
64,Muravlenko,RU,2020-06-17 16:50:51,63.79,74.52,44.22,61,77,9.35
65,Sao Jose Da Coroa Grande,BR,2020-06-17 16:50:51,-8.9,-35.15,79.7,73,18,15.01
66,Nishihara,JP,2020-06-17 16:50:11,26.18,127.76,82.4,94,40,11.41
67,Changji,CN,2020-06-17 16:50:51,44.02,87.32,77.0,38,20,4.47
68,Carnarvon,AU,2020-06-17 16:50:51,-24.87,113.63,69.8,88,90,10.29
69,Xiuyan,CN,2020-06-17 16:50:51,40.29,123.27,61.14,91,99,2.13
70,Niihama,JP,2020-06-17 16:50:51,33.96,133.32,73.99,83,100,1.43
71,Portree,GB,2020-06-17 16:50:51,57.41,-6.19,57.99,91,72,8.99
72,Gimli,CA,2020-06-17 16:50:51,50.63,-96.99,84.99,42,16,8.99
73,Port Elizabeth,ZA,2020-06-17 16:50:02,-33.92,25.57,60.8,82,0,6.93
74,Elko,US,2020-06-17 16:50:52,41.0,-115.5,52.0,50,0,13.0
75,Mongomo,GQ,2020-06-17 16:50:52,1.63,11.31,70.84,96,100,2.93
76,Dikson,RU,2020-06-17 16:50:52,73.51,80.55,32.83,92,93,1.5
77,Georgetown,MY,2020-06-17 16:49:00,5.41,100.34,82.4,88,20,5.82
78,Cherskiy,RU,2020-06-17 16:50:52,68.75,161.3,69.78,47,78,1.28
79,Vila Velha,BR,2020-06-17 16:46:31,-20.33,-40.29,71.01,88,40,4.7
80,Abalak,RU,2020-06-17 16:50:52,58.13,68.59,50.47,76,91,10.8
81,Mar Del Plata,AR,2020-06-17 16:48:23,-38.0,-57.56,64.4,93,90,12.75
82,Atuona,PF,2020-06-17 16:52:08,-9.8,-139.03,80.4,72,51,15.59
83,Nuuk,GL,2020-06-17 16:47:48,64.18,-51.72,37.4,86,75,6.93
84,Kruisfontein,ZA,2020-06-17 16:52:08,-34.0,24.73,55.13,49,0,4.41
85,Rio Gallegos,AR,2020-06-17 16:52:08,-51.62,-69.22,28.4,100,0,4.7
86,Hobyo,SO,2020-06-17 16:51:11,5.35,48.53,80.64,69,93,27.22
87,Kamaishi,JP,2020-06-17 16:52:08,39.27,141.88,60.57,78,0,3.11
88,Sept-Iles,CA,2020-06-17 16:52:07,50.2,-66.38,70.0,55,75,3.36
89,Saint-Philippe,RE,2020-06-17 16:52:08,-21.36,55.77,71.6,88,75,20.8
90,Takaka,NZ,2020-06-17 16:52:09,-40.85,172.8,55.0,93,100,1.01
91,Bagdarin,RU,2020-06-17 16:52:09,54.43,113.6,47.07,73,0,3.47
92,Oranjemund,NA,2020-06-17 16:52:09,-28.55,16.43,70.47,29,3,14.97
93,Norman Wells,CA,2020-06-17 16:52:09,65.28,-126.83,66.2,59,20,10.29
94,Gunnedah,AU,2020-06-17 16:52:09,-30.98,150.25,46.4,93,40,3.36
95,Upernavik,GL,2020-06-17 16:52:09,72.79,-56.15,33.96,89,0,4.34
96,Cap Malheureux,MU,2020-06-17 16:52:09,-19.98,57.61,68.0,91,50,10.0
97,West Bay,KY,2020-06-17 16:52:09,19.37,-81.42,87.8,66,20,8.48
98,Picton,AU,2020-06-17 16:52:09,-34.18,150.6,52.0,90,84,1.01
99,Novopokrovka,UA,2020-06-17 16:52:09,49.84,36.55,78.8,44,36,11.18
100,Kupang,ID,2020-06-17 16:50:13,-10.17,123.58,76.84,75,69,13.82
101,Tulum,MX,2020-06-17 16:52:09,20.22,-87.47,84.2,79,75,3.36
102,Mackay,AU,2020-06-17 16:52:09,-21.15,149.2,68.0,82,75,16.11
103,Mercedes,AR,2020-06-17 16:52:09,-34.65,-59.43,78.01,64,67,20.0
104,Abu Dhabi,AE,2020-06-17 16:50:25,24.47,54.37,93.2,67,0,5.82
105,Rawson,AR,2020-06-17 16:49:40,-43.3,-65.1,58.78,44,93,13.89
106,Barrow,US,2020-06-17 16:49:49,71.29,-156.79,37.4,79,75,12.75
107,Vyartsilya,RU,2020-06-17 16:52:10,62.18,30.69,71.33,51,0,6.44
108,Port Alfred,ZA,2020-06-17 16:52:10,-33.59,26.89,57.0,86,0,5.99
109,Wilmington,US,2020-06-17 16:48:19,34.23,-77.94,72.0,88,90,8.05
110,Massaguet,TD,2020-06-17 16:52:10,12.48,15.44,75.2,88,40,18.34
111,Vaini,TO,2020-06-17 16:52:10,-21.2,-175.2,71.6,78,20,10.29
112,Qaanaaq,GL,2020-06-17 16:49:39,77.48,-69.36,33.15,92,52,4.81
113,Merauke,ID,2020-06-17 16:52:10,-8.47,140.33,77.29,86,87,14.83
114,Faya,SA,2020-06-17 16:52:10,18.39,42.45,80.6,50,40,6.93
115,Lata,PT,2020-06-17 16:50:24,40.16,-8.33,69.01,57,0,4.0
116,Port Hardy,CA,2020-06-17 16:52:10,50.7,-127.42,57.2,76,75,6.93
117,Comodoro Rivadavia,AR,2020-06-17 16:48:12,-45.87,-67.5,50.0,71,77,4.38
118,Pindamonhangaba,BR,2020-06-17 16:52:10,-22.92,-45.46,75.2,53,20,11.41
119,Saint George,US,2020-06-17 16:47:58,37.1,-113.58,79.0,29,1,10.29
120,Mecca,SA,2020-06-17 16:52:11,21.43,39.83,93.74,18,0,8.12
121,Thompson,CA,2020-06-17 16:52:11,55.74,-97.86,41.0,93,90,19.46
122,Necochea,AR,2020-06-17 16:52:11,-38.55,-58.74,62.01,99,100,5.01
123,Yerbogachen,RU,2020-06-17 16:50:09,61.28,108.01,48.97,67,2,1.9
124,Yangshan,CN,2020-06-17 16:52:11,28.76,115.03,75.67,88,42,2.8
125,Bathsheba,BB,2020-06-17 16:52:11,13.22,-59.52,86.0,70,75,21.92
126,Ape,LV,2020-06-17 16:52:11,57.54,26.69,78.94,69,16,2.91
127,Zarinsk,RU,2020-06-17 16:52:11,53.71,84.95,56.77,84,0,5.14
128,Acarau,BR,2020-06-17 16:52:11,-2.89,-40.12,85.98,64,16,12.71
129,Clyde River,CA,2020-06-17 16:52:11,70.47,-68.59,35.6,73,90,10.29
130,Cairns,AU,2020-06-17 16:50:44,-16.92,145.77,73.4,83,40,10.29
131,Kodiak,US,2020-06-17 16:49:19,57.79,-152.41,50.0,87,90,23.04
132,Grindavik,IS,2020-06-17 16:50:55,63.84,-22.43,48.2,76,75,14.99
133,Norton,ZW,2020-06-17 16:52:12,-17.88,30.7,54.16,62,91,6.87
134,Lupiro,TZ,2020-06-17 16:52:12,-8.38,36.67,69.62,60,0,2.46
135,Pisco,PE,2020-06-17 16:52:12,-13.7,-76.22,69.01,68,13,10.29
136,The Valley,AI,2020-06-17 16:49:54,18.22,-63.06,87.8,58,40,12.75
137,La Ronge,CA,2020-06-17 16:52:12,55.1,-105.28,48.2,76,90,17.22
138,Okha,RU,2020-06-17 16:52:12,53.57,142.95,38.82,97,100,8.63
139,Iskateley,RU,2020-06-17 16:52:12,67.68,53.15,39.81,71,99,17.63
140,Jijiga,ET,2020-06-17 16:52:12,9.35,42.8,65.7,81,73,11.36
141,Hofn,IS,2020-06-17 16:52:12,64.25,-15.21,50.09,63,0,6.76
142,Lavrentiya,RU,2020-06-17 16:52:12,65.58,-171.0,46.8,70,69,1.97
143,Aklavik,CA,2020-06-17 16:52:12,68.22,-135.01,53.6,76,75,8.05
144,Asyut,EG,2020-06-17 16:52:12,27.18,31.18,105.8,13,0,13.87
145,Tiksi,RU,2020-06-17 16:52:12,71.69,128.87,47.8,93,100,3.31
146,Zhanaozen,KZ,2020-06-17 16:52:13,43.3,52.8,82.72,15,19,12.06
147,Lebu,CL,2020-06-17 16:52:13,-37.62,-73.65,53.92,86,97,7.52
148,Santa Isabel Do Rio Negro,BR,2020-06-17 16:52:12,-0.41,-65.02,75.38,96,99,5.37
149,Vikhorevka,RU,2020-06-17 16:52:13,56.12,101.16,50.0,71,0,2.24
150,Nargana,PA,2020-06-17 16:52:13,9.44,-78.59,85.75,70,100,6.55
151,Linjiang,CN,2020-06-17 16:52:13,41.81,126.91,57.81,85,94,1.19
152,Ancud,CL,2020-06-17 16:52:13,-41.87,-73.82,54.0,87,40,11.41
153,Jinji,CN,2020-06-17 16:52:13,23.23,110.83,77.47,85,2,2.01
154,Nathdwara,IN,2020-06-17 16:52:13,24.93,73.82,91.65,35,97,16.53
155,Bambanglipuro,ID,2020-06-17 16:52:13,-7.95,110.28,77.88,87,65,9.84
156,Evensk,RU,2020-06-17 16:52:13,61.95,159.23,47.59,91,40,2.37
157,Kudahuvadhoo,MV,2020-06-17 16:52:13,2.67,72.89,84.2,80,85,9.98
158,Motril,ES,2020-06-17 16:52:14,36.75,-3.52,82.4,26,41,12.75
159,Praia Da Vitoria,PT,2020-06-17 16:52:14,38.73,-27.07,66.2,77,75,10.96
160,Nyurba,RU,2020-06-17 16:52:14,63.28,118.33,51.78,86,98,6.78
161,Sorso,IT,2020-06-17 16:52:14,40.8,8.58,73.4,60,0,9.17
162,Kaitangata,NZ,2020-06-17 16:52:12,-46.28,169.85,43.0,80,94,4.0
163,Yibin,CN,2020-06-17 16:52:14,28.77,104.62,72.52,82,100,2.59
164,Shihezi,CN,2020-06-17 16:51:40,44.3,86.03,74.8,41,100,5.14
165,Kaeo,NZ,2020-06-17 16:50:04,-35.1,173.78,62.01,3,100,7.0
166,Bethel,US,2020-06-17 16:50:19,41.37,-73.41,79.0,49,1,9.17
167,Bredasdorp,ZA,2020-06-17 16:52:09,-34.53,20.04,60.8,72,0,2.68
168,Marmande,FR,2020-06-17 16:52:14,44.5,0.17,66.99,85,12,5.01
169,Nanakuli,US,2020-06-17 16:52:14,21.39,-158.15,73.0,78,1,4.7
170,Amuntai,ID,2020-06-17 16:52:14,-2.42,115.25,73.45,96,97,0.69
171,Podor,MR,2020-06-17 16:52:14,16.65,-14.96,111.2,24,1,13.85
172,Sioux Lookout,CA,2020-06-17 16:52:15,50.1,-91.92,82.4,51,20,14.99
173,Bonavista,CA,2020-06-17 16:52:15,48.65,-53.11,60.12,55,100,19.62
174,Sisimiut,GL,2020-06-17 16:50:06,66.94,-53.67,37.71,78,92,9.57
175,Korla,CN,2020-06-17 16:52:15,41.76,86.15,82.99,48,36,3.0
176,Mahebourg,MU,2020-06-17 16:52:15,-20.41,57.7,68.0,100,75,18.34
177,Mayor Pablo Lagerenza,PY,2020-06-17 16:52:15,-19.93,-60.77,91.42,35,60,19.24
178,Magadan,RU,2020-06-17 16:52:15,59.57,150.8,45.48,92,37,5.86
179,Fortuna,US,2020-06-17 16:52:15,40.6,-124.16,62.01,77,20,3.36
180,Baracoa,CU,2020-06-17 16:52:15,20.35,-74.5,84.74,76,98,8.75
181,Soyo,AO,2020-06-17 16:52:15,-6.13,12.37,74.86,84,20,8.41
182,Fukue,JP,2020-06-17 16:52:15,32.69,128.84,70.23,91,100,12.37
183,Kampong Chhnang,KH,2020-06-17 16:52:15,12.17,104.55,78.93,87,99,3.51
184,Loma De Gato,PH,2020-06-17 16:52:15,14.78,121.0,86.0,70,20,4.7
185,Flin Flon,CA,2020-06-17 16:52:15,54.77,-101.86,48.2,93,90,18.34
186,Vila Franca Do Campo,PT,2020-06-17 16:52:16,37.72,-25.43,66.2,77,40,21.92
187,Codrington,AU,2020-06-17 16:51:15,-38.27,141.97,43.52,86,55,9.44
188,Srandakan,ID,2020-06-17 16:52:16,-7.94,110.25,77.94,87,65,9.6
189,Muros,ES,2020-06-17 16:52:16,42.78,-9.06,63.0,71,64,11.99
190,Sangar,RU,2020-06-17 16:52:16,63.92,127.47,58.77,60,0,7.27
191,Mangotsfield,GB,2020-06-17 16:52:16,51.49,-2.5,66.0,87,100,8.05
192,Zhigansk,RU,2020-06-17 16:52:16,66.77,123.37,52.0,93,89,10.38
193,Bay Roberts,CA,2020-06-17 16:52:16,47.6,-53.26,73.99,100,99,5.01
194,Toamasina,MG,2020-06-17 16:52:16,-18.17,49.38,66.2,93,75,11.41
195,Saint-Joseph,RE,2020-06-17 16:52:16,-21.37,55.62,68.0,88,75,20.8
196,Bilibino,RU,2020-06-17 16:49:44,68.05,166.44,65.75,48,99,3.47
197,Gold Coast,AU,2020-06-17 16:52:16,-28.0,153.43,63.0,72,19,11.41
198,Sarmanovo,RU,2020-06-17 16:52:16,55.26,52.59,73.4,56,20,6.71
199,Sao Filipe,CV,2020-06-17 16:49:43,14.9,-24.5,76.62,80,11,12.24
200,Honningsvag,NO,2020-06-17 16:52:16,70.98,25.97,44.6,81,27,8.05
201,Klaksvik,FO,2020-06-17 16:52:16,62.23,-6.59,51.8,81,92,12.75
202,Nikolskoye,RU,2020-06-17 16:49:57,59.7,30.79,78.01,61,40,8.95
203,Chuy,UY,2020-06-17 16:49:57,-33.7,-53.46,72.14,67,100,14.43
204,Adrar,MR,2020-06-17 16:52:17,20.5,-10.07,105.33,12,0,24.43
205,Jerome,US,2020-06-17 16:52:17,42.72,-114.52,50.0,66,90,24.16
206,Svetlaya,RU,2020-06-17 16:52:17,46.54,138.33,47.14,91,100,7.4
207,Middelburg,ZA,2020-06-17 16:52:17,-25.78,29.46,42.55,84,49,10.42
208,Storslett,NO,2020-06-17 16:52:17,69.77,21.02,59.99,50,0,5.41
209,Pingliang,CN,2020-06-17 16:52:17,35.54,106.69,58.37,67,0,4.0
210,Dinghai,CN,2020-06-17 16:52:17,26.28,119.79,80.6,83,94,6.71
211,Nichinan,JP,2020-06-17 16:52:17,31.6,131.37,71.01,82,75,5.82
212,Souillac,MU,2020-06-17 16:52:17,-20.52,57.52,68.0,100,75,18.34
213,Aasiaat,GL,2020-06-17 16:52:17,68.71,-52.87,35.24,86,53,4.7
214,Kem,RU,2020-06-17 16:52:18,64.96,34.58,59.13,44,0,10.18
215,Tabou,CI,2020-06-17 16:52:18,4.42,-7.35,78.89,84,89,12.95
216,Kavieng,PG,2020-06-17 16:52:18,-2.57,150.8,82.47,73,62,4.94
217,Port Keats,AU,2020-06-17 16:52:18,-14.25,129.55,73.18,46,0,12.17
218,Gombong,ID,2020-06-17 16:52:18,-7.61,109.51,76.44,90,76,3.58
219,Gilgit,PK,2020-06-17 16:52:18,35.92,74.31,77.79,24,40,5.95
220,Wanning,CN,2020-06-17 16:52:18,18.8,110.4,80.69,85,0,9.8
221,Mehamn,NO,2020-06-17 16:52:18,71.04,27.85,44.6,75,38,11.41
222,Irece,BR,2020-06-17 16:52:18,-11.3,-41.86,81.97,38,0,19.26
223,Coahuayana,MX,2020-06-17 16:52:18,18.73,-103.68,80.6,69,75,5.17
224,Castro,BR,2020-06-17 16:52:18,-24.79,-50.01,69.33,62,76,10.07
225,Rabo De Peixe,PT,2020-06-17 16:52:18,37.8,-25.58,66.2,77,40,21.92
226,Palana,RU,2020-06-17 16:52:19,59.12,159.97,47.14,75,100,7.83
227,Vardo,NO,2020-06-17 16:52:19,70.37,31.11,44.6,75,53,10.29
228,Gambela,ET,2020-06-17 16:52:19,8.25,34.58,74.66,87,96,2.26
229,Tasiilaq,GL,2020-06-17 16:52:13,65.61,-37.64,39.2,80,75,28.86
230,Cukai,MY,2020-06-17 16:52:19,4.25,103.42,77.0,100,94,1.25
231,Airai,TL,2020-06-17 16:52:19,-8.93,125.41,55.35,98,8,4.68
232,Padang,ID,2020-06-17 16:52:19,-0.95,100.35,78.4,81,65,5.5
233,Debre Birhan,ET,2020-06-17 16:52:19,9.68,39.53,59.77,55,40,5.64
234,Phuket,TH,2020-06-17 16:48:07,8.0,98.25,82.4,78,20,4.7
235,Mont-Dore,NC,2020-06-17 16:52:19,-22.28,166.58,66.2,93,45,3.36
236,East London,ZA,2020-06-17 16:52:19,-33.02,27.91,64.0,72,0,14.83
237,Rio Grande,BR,2020-06-17 16:51:31,-32.03,-52.1,78.8,57,83,11.41
238,Takestan,IR,2020-06-17 16:52:20,36.07,49.7,78.8,41,40,9.17
239,Logan,US,2020-06-17 16:48:21,41.74,-111.83,51.01,52,16,6.93
240,Binzhou,CN,2020-06-17 16:52:20,37.37,118.02,68.4,72,100,2.44
241,Gondanglegi,ID,2020-06-17 16:52:20,-7.75,112.01,75.31,88,56,8.95
242,Laguna,US,2020-06-17 16:52:20,38.42,-121.42,77.0,33,1,18.34
243,Victoria,HK,2020-06-17 16:52:20,22.29,114.16,82.0,78,0,5.01
244,Hauterive,FR,2020-06-17 16:52:20,46.09,3.45,66.2,52,64,12.75
245,Buala,SB,2020-06-17 16:49:30,-8.14,159.59,80.74,79,89,6.17
246,Hambantota,LK,2020-06-17 16:52:20,6.12,81.12,81.59,83,14,14.32
247,Vangaindrano,MG,2020-06-17 16:52:20,-23.35,47.6,64.11,76,74,6.11
248,Arona,ES,2020-06-17 16:52:21,28.1,-16.68,75.2,78,75,5.82
249,Conde,BR,2020-06-17 16:52:21,-7.26,-34.91,84.2,70,40,20.8
250,Blagoyevo,RU,2020-06-17 16:52:21,63.37,47.92,52.59,59,46,4.81
251,Toora-Khem,RU,2020-06-17 16:52:21,52.47,96.11,52.48,67,20,1.25
252,Nanning,CN,2020-06-17 16:52:21,22.82,108.32,80.6,83,0,4.47
253,Sur,OM,2020-06-17 16:52:21,22.57,59.53,88.74,68,8,11.23
254,Port Hawkesbury,CA,2020-06-17 16:52:21,45.62,-61.35,80.01,36,1,8.05
255,Teya,RU,2020-06-17 16:52:21,60.38,92.63,49.82,72,71,4.07
256,Nisia Floresta,BR,2020-06-17 16:52:21,-6.09,-35.21,78.8,83,75,18.34
257,Puerto Boyaca,CO,2020-06-17 16:49:59,5.98,-74.59,92.3,49,61,1.43
258,Bengkulu,ID,2020-06-17 16:52:21,-3.8,102.27,77.54,87,88,4.27
259,Jamestown,US,2020-06-17 16:48:50,42.1,-79.24,77.0,49,1,5.82
260,Jutai,BR,2020-06-17 16:52:21,-5.18,-68.9,91.92,46,16,3.78
261,Pervomayskoye,RU,2020-06-17 16:52:21,43.92,46.71,72.3,51,94,12.82
262,Berlevag,NO,2020-06-17 16:52:21,70.86,29.09,44.6,75,17,11.41
263,Ponta Do Sol,PT,2020-06-17 16:52:22,32.67,-17.1,73.99,83,40,8.05
264,Slyudyanka,RU,2020-06-17 16:52:22,51.66,103.71,53.44,73,53,2.57
265,Zhaoyuan,CN,2020-06-17 16:52:22,37.36,120.4,69.01,90,100,7.36
266,Haines Junction,CA,2020-06-17 16:52:22,60.75,-137.51,53.71,49,27,9.1
267,Riyadh,SA,2020-06-17 16:51:02,24.69,46.72,104.0,9,24,11.41
268,Beringovskiy,RU,2020-06-17 16:52:22,63.05,179.32,47.95,69,0,2.53
269,San Rafael,AR,2020-06-17 16:49:43,-34.62,-68.33,55.54,39,79,2.53
270,Seoul,KR,2020-06-17 16:49:40,37.57,126.98,69.8,88,100,3.36
271,Ribeira Grande,PT,2020-06-17 16:52:22,38.52,-28.7,68.0,77,75,8.05
272,Zacualpan,MX,2020-06-17 16:49:22,21.25,-105.17,82.4,58,20,6.42
273,Nhulunbuy,AU,2020-06-17 16:52:22,-12.23,136.77,78.8,78,40,11.41
274,Port Lincoln,AU,2020-06-17 16:52:22,-34.73,135.87,56.73,61,0,15.32
275,Jalu,LY,2020-06-17 16:52:22,29.03,21.55,87.26,24,0,17.98
276,Mizdah,LY,2020-06-17 16:52:23,31.45,12.98,93.7,12,0,0.47
277,Bucerias,MX,2020-06-17 16:52:23,20.75,-105.33,84.99,62,5,3.36
278,Lasa,IT,2020-06-17 16:52:23,46.62,10.7,51.8,93,75,3.36
279,Kampot,KH,2020-06-17 16:52:23,10.62,104.18,82.4,74,20,6.93
280,Salalah,OM,2020-06-17 16:52:23,17.02,54.09,86.0,79,13,9.17
281,Havoysund,NO,2020-06-17 16:52:23,71.0,24.66,51.8,81,52,8.05
282,Tuktoyaktuk,CA,2020-06-17 16:52:23,69.45,-133.04,46.4,87,90,10.29
283,Esperance,AU,2020-06-17 16:52:23,-33.87,121.9,59.0,93,90,19.46
284,Salinas,US,2020-06-17 16:52:23,36.68,-121.66,71.01,59,1,3.83
285,Arraial Do Cabo,BR,2020-06-17 16:52:24,-22.97,-42.03,77.0,57,40,16.11
286,Vaitape,PF,2020-06-17 16:52:24,-16.52,-151.75,81.12,78,100,9.78
287,Zhuhai,CN,2020-06-17 16:51:39,22.28,113.57,84.0,83,20,10.29
288,Trairi,BR,2020-06-17 16:52:24,-3.28,-39.27,85.53,64,0,12.68
289,Pacific Grove,US,2020-06-17 16:52:24,36.62,-121.92,71.01,63,1,6.87
290,Longyearbyen,SJ,2020-06-17 16:52:24,78.22,15.64,39.2,77,20,5.82
291,Pekan,MY,2020-06-17 16:52:24,3.48,103.4,77.0,88,40,1.52
292,Antofagasta,CL,2020-06-17 16:52:24,-23.65,-70.4,64.4,55,5,11.41
293,Touros,BR,2020-06-17 16:50:42,-5.2,-35.46,78.8,83,75,18.34
294,Beloha,MG,2020-06-17 16:52:24,-25.17,45.05,63.37,78,0,13.13
295,Nacala,MZ,2020-06-17 16:52:24,-14.54,40.67,71.69,77,47,10.33
296,Udachnyy,RU,2020-06-17 16:52:24,66.42,112.4,52.5,57,47,8.1
297,Benjamin Aceval,PY,2020-06-17 16:52:24,-24.97,-57.57,84.2,45,7,23.04
298,Kakrala,IN,2020-06-17 16:52:25,27.9,79.2,95.14,43,56,13.27
299,Veselynove,UA,2020-06-17 16:52:25,47.36,31.23,73.2,69,5,7.11
300,Porto Novo,BJ,2020-06-17 16:52:25,6.5,2.6,80.6,88,40,17.22
301,Mangawan,IN,2020-06-17 16:52:25,24.68,81.55,86.18,67,100,6.17
302,Lively,CA,2020-06-17 16:52:25,46.43,-81.15,79.0,47,20,10.29
303,Sechura,PE,2020-06-17 16:52:25,-5.56,-80.82,74.88,58,46,8.7
304,Mount Isa,AU,2020-06-17 16:52:25,-20.73,139.5,68.0,37,0,11.41
305,Praia,CV,2020-06-17 16:49:48,14.92,-23.51,86.0,62,4,4.7
306,Kitimat,CA,2020-06-17 16:52:25,54.05,-128.65,62.01,69,86,0.94
307,Beira,MZ,2020-06-17 16:52:25,-19.84,34.84,71.6,68,75,10.29
308,Ust-Nera,RU,2020-06-17 16:52:25,64.57,143.2,59.2,58,30,3.96
309,Kamphaeng Phet,TH,2020-06-17 16:52:25,16.48,99.52,76.41,93,100,6.26
310,High Level,CA,2020-06-17 16:52:25,58.52,-117.14,55.4,87,90,5.82
311,Mugur-Aksy,RU,2020-06-17 16:52:26,50.35,90.5,52.5,71,97,2.8
312,Yakeshi,CN,2020-06-17 16:52:26,49.28,120.73,54.88,91,100,13.13
313,Kaspiysk,RU,2020-06-17 16:48:03,42.88,47.64,75.2,69,40,8.95
314,Camana,PE,2020-06-17 16:52:26,-16.62,-72.71,68.52,66,18,12.55
315,Tarui,JP,2020-06-17 16:52:26,35.37,136.53,72.0,83,75,1.19
316,Alamosa,US,2020-06-17 16:52:26,37.47,-105.87,71.6,12,1,23.04
317,Sao Joao Da Barra,BR,2020-06-17 16:52:26,-21.64,-41.05,77.0,60,75,14.99
318,Narasapur,IN,2020-06-17 16:52:26,16.45,81.67,82.94,74,100,12.46
319,Aykhal,RU,2020-06-17 16:52:26,66.0,111.5,49.28,63,19,8.88
320,Nadym,RU,2020-06-17 16:52:26,65.53,72.52,44.89,61,89,7.58
321,Luderitz,NA,2020-06-17 16:52:26,-26.65,15.16,68.92,25,0,7.58
322,Nabire,ID,2020-06-17 16:49:06,-3.37,135.48,76.1,85,100,3.47
323,Cabo Rojo,PR,2020-06-17 16:52:26,18.09,-67.15,91.0,59,66,8.01
324,Jeronimo Monteiro,BR,2020-06-17 16:52:26,-20.79,-41.4,72.03,72,49,5.55
325,San Patricio,MX,2020-06-17 16:52:27,19.22,-104.7,86.0,74,20,6.93
326,Biryusinsk,RU,2020-06-17 16:52:27,55.96,97.82,48.24,75,0,5.35
327,Katsuura,JP,2020-06-17 16:52:27,35.13,140.3,71.6,83,75,3.36
328,Torbay,CA,2020-06-17 16:52:27,47.67,-52.73,75.0,37,75,11.41
329,Novyy Urengoy,RU,2020-06-17 16:52:27,66.08,76.63,45.3,55,63,5.79
330,Ballina,AU,2020-06-17 16:52:27,-28.87,153.57,57.2,82,40,6.93
331,Iqaluit,CA,2020-06-17 16:50:31,63.75,-68.51,41.0,60,75,11.41
332,Khilok,RU,2020-06-17 16:52:27,51.37,110.47,46.78,63,0,3.6
333,Ko Samui,TH,2020-06-17 16:52:27,9.54,99.94,85.89,68,96,7.23
334,Shimoda,JP,2020-06-17 16:52:27,34.67,138.95,63.0,94,100,4.61
335,Belogorsk,RU,2020-06-17 16:52:27,50.92,128.46,50.11,85,8,1.81
336,Isabela,PH,2020-06-17 16:52:27,6.71,121.97,79.57,79,100,2.82
337,Harper,LR,2020-06-17 16:48:59,4.38,-7.72,79.0,84,97,13.33
338,Adre,TD,2020-06-17 16:52:28,13.47,22.2,85.6,36,84,12.21
339,Cidreira,BR,2020-06-17 16:52:28,-30.18,-50.21,68.02,76,40,10.04
340,Leh,IN,2020-06-17 16:52:28,34.17,77.58,57.11,33,0,5.82
341,Puerto Escondido,MX,2020-06-17 16:50:30,15.85,-97.07,86.0,70,40,6.93
342,Chernyshevskiy,RU,2020-06-17 16:52:28,63.01,112.47,48.6,66,28,2.28
343,Jiupu,CN,2020-06-17 16:52:28,41.07,122.95,68.27,67,99,5.7
344,Smithers,CA,2020-06-17 16:51:26,54.78,-127.17,50.0,81,90,2.24
345,Urumqi,CN,2020-06-17 16:52:28,43.8,87.6,77.0,38,20,4.47
346,Port Hedland,AU,2020-06-17 16:50:10,-20.32,118.57,62.6,88,0,2.04
347,Nelson Bay,AU,2020-06-17 16:52:28,-32.72,152.15,62.01,63,90,12.75
348,San Matias,BO,2020-06-17 16:52:28,-16.37,-58.4,91.45,36,2,10.13
349,Biltine,TD,2020-06-17 16:52:28,14.53,20.92,93.22,9,14,6.17
350,Huanuco,PE,2020-06-17 16:52:29,-9.93,-76.24,78.8,74,20,5.82
351,Novoraychikhinsk,RU,2020-06-17 16:52:29,49.78,129.59,51.17,90,73,3.94
352,Paratebueno,CO,2020-06-17 16:52:29,4.38,-73.22,80.6,74,75,4.99
353,Oboyan,RU,2020-06-17 16:52:29,51.21,36.28,78.8,39,1,8.95
354,Kodinsk,RU,2020-06-17 16:52:29,58.69,99.18,49.39,57,2,2.08
355,Phanat Nikhom,TH,2020-06-17 16:52:29,13.45,101.18,82.0,94,75,5.82
356,Usinsk,RU,2020-06-17 16:52:29,65.99,57.53,42.31,64,91,14.52
357,Carnduff,CA,2020-06-17 16:52:29,49.17,-101.8,68.0,73,21,7.0
358,Tigil,RU,2020-06-17 16:52:29,57.8,158.67,46.92,74,92,4.41
359,Cabo San Lucas,MX,2020-06-17 16:48:45,22.89,-109.91,88.0,48,5,6.93
360,Lahaina,US,2020-06-17 16:52:30,20.88,-156.68,75.2,73,20,10.29
361,Avarua,CK,2020-06-17 16:52:30,-21.21,-159.78,71.6,64,14,5.82
362,Riesa,DE,2020-06-17 16:52:30,51.3,13.3,80.01,39,100,6.93
363,Emerald,AU,2020-06-17 16:52:30,-23.53,148.17,59.0,82,33,8.05
364,Auki,SB,2020-06-17 16:52:30,-8.77,160.7,77.97,84,96,3.76
365,Uyskoye,RU,2020-06-17 16:52:30,54.38,60.0,60.01,89,80,8.12
366,Orje,NO,2020-06-17 16:52:30,59.48,11.66,78.01,63,16,6.53
367,Kloulklubed,PW,2020-06-17 16:52:30,7.04,134.26,78.8,88,75,8.12
368,Naze,JP,2020-06-17 16:52:30,28.37,129.48,78.8,100,20,9.17
369,Centralina,BR,2020-06-17 16:51:06,-18.58,-49.2,80.89,44,0,13.58
370,Poum,NC,2020-06-17 16:52:30,-20.23,164.02,73.31,77,61,15.9
371,Cheltenham,GB,2020-06-17 16:52:30,51.9,-2.08,68.0,100,100,2.15
372,Sturgis,US,2020-06-17 16:52:31,41.8,-85.42,80.6,36,1,10.29
373,Karpogory,RU,2020-06-17 16:52:31,64.0,44.45,55.58,58,10,4.05
374,Suba,PH,2020-06-17 16:52:31,10.84,121.01,84.81,65,100,1.68
375,Manbij,SY,2020-06-17 16:52:31,36.53,37.95,82.4,37,0,19.46
376,Luwuk,ID,2020-06-17 16:52:31,-0.95,122.79,78.46,80,78,5.55
377,Abu Samrah,SY,2020-06-17 16:52:31,35.3,37.18,81.77,33,0,16.84
378,Moses Lake,US,2020-06-17 16:52:31,47.13,-119.28,69.01,45,1,4.7
379,Hearst,CA,2020-06-17 16:52:31,49.68,-83.67,88.34,33,59,10.96
380,Mount Gambier,AU,2020-06-17 16:52:31,-37.83,140.77,46.4,81,90,6.93
381,Arkhara,RU,2020-06-17 16:52:31,49.42,130.08,51.35,87,70,3.98
382,Tiarei,PF,2020-06-17 16:52:31,-17.53,-149.33,75.2,94,75,4.7
383,Akyab,MM,2020-06-17 16:52:31,20.15,92.9,82.9,82,100,13.51
384,Margate,GB,2020-06-17 16:52:32,51.38,1.39,68.0,79,100,1.01
385,San Quintin,MX,2020-06-17 16:52:32,30.48,-115.95,66.4,66,98,6.55
386,Palmer,US,2020-06-17 16:52:32,42.16,-72.33,82.99,33,20,6.93
387,Saint-Pierre,RE,2020-06-17 16:52:32,-21.34,55.48,68.0,88,75,20.8
388,Samarai,PG,2020-06-17 16:51:48,-10.62,150.67,78.8,83,100,15.17
389,Padampur,IN,2020-06-17 16:52:32,29.68,73.62,102.78,8,6,8.14
390,Dickinson,US,2020-06-17 16:52:32,29.46,-95.05,91.0,55,40,8.05
391,Parabel,RU,2020-06-17 16:52:32,58.7,81.48,55.09,65,0,8.77
392,Caucaia,BR,2020-06-17 16:52:32,-3.74,-38.65,86.0,58,40,14.99
393,Zaysan,KZ,2020-06-17 16:52:32,47.47,84.87,61.79,78,100,5.1
394,Lagodekhi,GE,2020-06-17 16:52:32,41.83,46.28,78.8,54,75,6.93
395,Mastic Beach,US,2020-06-17 16:52:33,40.77,-72.85,73.0,60,90,3.36
396,Sibolga,ID,2020-06-17 16:52:33,1.74,98.78,78.53,81,83,3.65
397,Dicabisagan,PH,2020-06-17 16:50:16,17.08,122.42,78.91,77,100,4.68
398,Morant Bay,JM,2020-06-17 16:52:33,17.88,-76.41,87.8,66,20,18.34
399,Santa Cruz,BO,2020-06-17 16:48:07,-17.8,-63.17,84.2,58,40,27.51
400,Mayo,US,2020-06-17 16:52:33,38.89,-76.51,68.0,82,75,9.17
401,Inhambane,MZ,2020-06-17 16:51:47,-23.86,35.38,64.4,100,75,9.17
402,Nueve De Julio,AR,2020-06-17 16:52:33,-35.44,-60.88,75.0,72,71,5.01
403,Quatre Cocos,MU,2020-06-17 16:50:35,-20.21,57.76,68.0,100,75,18.34
404,Ranong,TH,2020-06-17 16:52:33,9.97,98.63,81.68,76,100,5.23
405,Baruun-Urt,MN,2020-06-17 16:52:33,46.68,113.28,64.99,69,59,12.24
406,Guerrero Negro,MX,2020-06-17 16:49:37,27.98,-114.06,69.69,61,62,13.18
407,Bima,ID,2020-06-17 16:52:34,-8.47,118.72,74.68,88,95,3.83
408,Maldonado,UY,2020-06-17 16:51:26,-34.67,-54.92,77.0,60,100,16.11
409,Mandasa,IN,2020-06-17 16:52:34,18.87,84.47,83.59,80,100,9.55
410,Kharp,RU,2020-06-17 16:52:34,66.8,65.81,38.34,75,81,9.93
411,Cayenne,GF,2020-06-17 16:52:34,4.93,-52.33,77.0,94,72,8.05
412,Sandpoint,US,2020-06-17 16:52:34,48.28,-116.55,59.0,71,90,3.36
413,Maceio,BR,2020-06-17 16:50:01,-9.67,-35.74,82.4,61,40,14.99
414,Komsomolskiy,UZ,2020-06-17 16:52:34,40.43,71.72,73.4,38,79,6.93
415,Henties Bay,NA,2020-06-17 16:52:34,-22.12,14.28,79.0,29,0,1.99
416,Sironko,UG,2020-06-17 16:52:34,1.23,34.25,66.43,85,44,4.88
417,Nurobod,UZ,2020-06-17 16:52:34,40.91,69.8,75.2,29,1,9.17
418,Asfi,MA,2020-06-17 16:50:02,32.3,-9.24,72.27,70,41,22.21
419,Mayskiy,RU,2020-06-17 16:52:34,47.69,40.1,80.6,51,20,6.71
420,Tazovskiy,RU,2020-06-17 16:52:34,67.47,78.7,39.4,69,22,3.69
421,Najran,SA,2020-06-17 16:52:35,17.49,44.13,95.0,11,20,6.93
422,Deep River,CA,2020-06-17 16:52:35,46.1,-77.5,75.0,53,20,4.7
423,Port Blair,IN,2020-06-17 16:52:35,11.67,92.75,83.3,81,100,10.36
424,Nizhnedevitsk,RU,2020-06-17 16:52:35,51.54,38.37,78.8,27,0,8.95
425,Santiago Del Estero,AR,2020-06-17 16:49:44,-27.8,-64.26,84.78,43,71,16.49
426,Mutare,ZW,2020-06-17 16:52:35,-18.97,32.67,50.31,78,10,2.37
427,Enshi,CN,2020-06-17 16:52:35,30.3,109.48,75.04,87,100,4.21
428,Pemangkat,ID,2020-06-17 16:52:35,1.17,108.97,80.65,79,27,4.92
429,Halifax,CA,2020-06-17 16:52:35,44.65,-63.57,79.0,43,0,1.99
430,Pangai,TO,2020-06-17 16:52:35,-19.8,-174.35,75.04,71,14,23.06
431,Chauk,MM,2020-06-17 16:50:35,20.88,94.82,80.22,74,100,18.52
432,Te Anau,NZ,2020-06-17 16:52:35,-45.42,167.72,39.79,85,55,6.67
433,Milkovo,RU,2020-06-17 16:52:35,54.72,158.62,49.48,78,2,4.85
434,Severomorsk,RU,2020-06-17 16:52:36,69.07,33.42,55.4,50,1,11.18
435,Tanout,NE,2020-06-17 16:52:36,14.97,8.89,103.68,7,65,9.71
436,Sitka,US,2020-06-17 16:50:04,57.05,-135.33,51.8,81,90,3.98
437,Abaza,RU,2020-06-17 16:52:36,52.66,90.09,52.72,90,75,2.19
438,Gaspar,BR,2020-06-17 16:52:36,-26.93,-48.96,72.0,83,75,18.34
439,Fukuma,JP,2020-06-17 16:52:36,33.77,130.47,72.0,83,90,4.7
440,Uribia,CO,2020-06-17 16:52:36,11.71,-72.27,90.88,49,42,20.74
441,Yarada,IN,2020-06-17 16:52:36,17.65,83.27,86.0,79,75,9.17
442,Hualmay,PE,2020-06-17 16:52:36,-11.1,-77.61,68.58,66,20,11.52
443,Port Macquarie,AU,2020-06-17 16:52:36,-31.43,152.92,57.99,97,58,11.56
444,Port Augusta,AU,2020-06-17 16:52:36,-32.5,137.77,48.99,87,0,5.82
445,Ostrovnoy,RU,2020-06-17 16:52:36,68.05,39.51,43.83,69,64,5.86
446,Byron Bay,AU,2020-06-17 16:49:04,-28.65,153.62,57.2,82,40,6.93
447,Thanh Hoa,VN,2020-06-17 16:52:36,19.8,105.77,82.09,71,0,6.93
448,Honiara,SB,2020-06-17 16:52:36,-9.43,159.95,73.4,100,20,2.24
449,Wencheng,CN,2020-06-17 16:52:37,33.06,113.8,65.64,95,100,6.85
450,Sawakin,SD,2020-06-17 16:52:37,19.11,37.33,90.27,30,0,8.75
451,Bogorodskoye,RU,2020-06-17 16:52:37,56.55,37.88,73.78,79,100,0.6
452,Vanavara,RU,2020-06-17 16:52:37,60.34,102.28,48.99,67,72,2.33
453,Inta,RU,2020-06-17 16:52:37,66.03,60.17,41.5,66,95,14.99
454,Yeppoon,AU,2020-06-17 16:52:37,-23.13,150.73,64.4,63,85,6.93
455,Mana,GF,2020-06-17 16:52:37,5.66,-53.78,82.36,81,90,6.67
456,Puerto Madryn,AR,2020-06-17 16:52:37,-42.77,-65.04,58.8,46,99,11.27
457,Mantua,IT,2020-06-17 16:52:37,45.17,10.78,78.01,66,32,4.0
458,Luanda,AO,2020-06-17 16:50:02,-8.84,13.23,77.0,78,20,10.29
459,Eureka,US,2020-06-17 16:50:51,40.8,-124.16,62.01,82,1,4.7
460,Bartoszyce,PL,2020-06-17 16:52:37,54.25,20.81,63.68,87,62,13.24
461,Sancti Spiritus,CU,2020-06-17 16:52:37,21.93,-79.44,87.37,66,86,5.99
462,Borogontsy,RU,2020-06-17 16:52:38,62.67,131.17,57.63,59,30,4.88
463,Sittingbourne,GB,2020-06-17 16:48:15,51.34,0.73,70.0,71,100,10.27
464,Pathein,MM,2020-06-17 16:52:38,16.78,94.73,76.82,89,100,6.42
465,Daru,PG,2020-06-17 16:52:38,-9.08,143.21,77.38,87,100,15.68
466,Tomohon,ID,2020-06-17 16:52:38,1.33,124.84,75.2,94,20,1.12
467,Hasaki,JP,2020-06-17 16:52:38,35.73,140.83,66.2,93,75,5.82
468,Penzance,GB,2020-06-17 16:52:38,50.12,-5.54,63.0,93,75,8.05
469,Moerai,PF,2020-06-17 16:52:38,-22.43,-151.33,72.66,83,66,23.71
470,Talaya,RU,2020-06-17 16:52:38,61.38,152.75,53.94,81,100,0.56
471,Wagga Wagga,AU,2020-06-17 16:52:38,-35.12,147.37,50.0,81,20,8.05
472,Saldanha,ZA,2020-06-17 16:49:55,-33.01,17.94,68.0,37,0,3.36
473,Maputo,MZ,2020-06-17 16:52:38,-25.97,32.59,60.8,93,90,12.75
